Timestamp,Message
2023-11-26 20:10:58,192.168.1.1 - active (Response Time: 0:00:00.009973)
2023-11-26 20:10:58,192.168.1.2 - active (Response Time: 0:00:01.463909)
2023-11-26 20:10:58,192.168.1.3 - active (Response Time: 0:00:01.462907)
2023-11-26 20:10:58,192.168.1.4 - active (Response Time: 0:00:01.464905)
2023-11-26 20:10:58,192.168.1.5 - active (Response Time: 0:00:01.462929)
2023-11-26 20:10:58,192.168.1.6 - active (Response Time: 0:00:01.464925)
2023-11-26 20:10:58,192.168.1.7 - active (Response Time: 0:00:01.462929)
2023-11-26 20:10:58,192.168.1.8 - active (Response Time: 0:00:01.462927)
2023-11-26 20:10:58,192.168.1.9 - active (Response Time: 0:00:01.464927)
2023-11-26 20:10:58,192.168.1.10 - active (Response Time: 0:00:01.464927)
2023-11-26 20:10:58,192.168.1.11 - active (Response Time: 0:00:01.460932)
2023-11-26 20:10:58,192.168.1.12 - active (Response Time: 0:00:01.463928)
2023-11-26 20:10:58,192.168.1.13 - active (Response Time: 0:00:01.459933)
2023-11-26 20:10:58,192.168.1.14 - active (Response Time: 0:00:01.456930)
2023-11-26 20:10:58,192.168.1.15 - active (Response Time: 0:00:01.459928)
2023-11-26 20:10:58,192.168.1.16 - active (Response Time: 0:00:01.455932)
2023-11-26 20:10:58,192.168.1.17 - active (Response Time: 0:00:01.454933)
2023-11-26 20:10:58,192.168.1.18 - active (Response Time: 0:00:01.453934)
2023-11-26 20:10:58,192.168.1.19 - active (Response Time: 0:00:01.454933)
2023-11-26 20:10:58,192.168.1.20 - active (Response Time: 0:00:01.455935)
2023-11-26 20:10:58,192.168.1.21 - active (Response Time: 0:00:01.452933)
2023-11-26 20:10:58,192.168.1.22 - active (Response Time: 0:00:01.451934)
2023-11-26 20:10:58,192.168.1.23 - active (Response Time: 0:00:01.449935)
2023-11-26 20:10:58,192.168.1.24 - active (Response Time: 0:00:01.448936)
2023-11-26 20:10:58,192.168.1.25 - active (Response Time: 0:00:01.449936)
2023-11-26 20:10:58,192.168.1.26 - active (Response Time: 0:00:01.448936)
2023-11-26 20:10:58,192.168.1.27 - active (Response Time: 0:00:01.447936)
2023-11-26 20:10:58,192.168.1.28 - active (Response Time: 0:00:01.445935)
2023-11-26 20:10:58,192.168.1.29 - active (Response Time: 0:00:01.445935)
2023-11-26 20:10:58,192.168.1.30 - active (Response Time: 0:00:01.495538)
2023-11-26 20:10:58,192.168.1.31 - active (Response Time: 0:00:01.498537)
2023-11-26 20:10:58,192.168.1.32 - active (Response Time: 0:00:01.493539)
2023-11-26 20:10:58,192.168.1.33 - active (Response Time: 0:00:01.495538)
2023-11-26 20:10:58,192.168.1.34 - active (Response Time: 0:00:01.494538)
2023-11-26 20:10:58,192.168.1.35 - active (Response Time: 0:00:01.493539)
2023-11-26 20:10:58,192.168.1.36 - active (Response Time: 0:00:01.493538)
2023-11-26 20:10:58,192.168.1.37 - active (Response Time: 0:00:01.493538)
2023-11-26 20:10:58,192.168.1.38 - active (Response Time: 0:00:01.489541)
2023-11-26 20:10:58,192.168.1.39 - active (Response Time: 0:00:01.490541)
2023-11-26 20:10:58,192.168.1.40 - active (Response Time: 0:00:01.493539)
2023-11-26 20:10:58,192.168.1.41 - active (Response Time: 0:00:01.491540)
2023-11-26 20:10:58,192.168.1.42 - active (Response Time: 0:00:01.490541)
2023-11-26 20:10:58,192.168.1.43 - active (Response Time: 0:00:01.490541)
2023-11-26 20:10:58,192.168.1.44 - active (Response Time: 0:00:01.487542)
2023-11-26 20:10:58,192.168.1.45 - active (Response Time: 0:00:01.486540)
2023-11-26 20:10:58,192.168.1.46 - active (Response Time: 0:00:01.485540)
2023-11-26 20:10:58,192.168.1.47 - active (Response Time: 0:00:01.488539)
2023-11-26 20:10:58,192.168.1.48 - active (Response Time: 0:00:01.488539)
2023-11-26 20:10:58,192.168.1.49 - active (Response Time: 0:00:01.487539)
2023-11-26 20:10:58,192.168.1.50 - active (Response Time: 0:00:01.488539)
2023-11-26 20:10:58,192.168.1.51 - active (Response Time: 0:00:01.484544)
2023-11-26 20:10:58,192.168.1.52 - active (Response Time: 0:00:01.485544)
2023-11-26 20:10:58,192.168.1.53 - active (Response Time: 0:00:01.486543)
2023-11-26 20:10:58,192.168.1.54 - active (Response Time: 0:00:01.484544)
2023-11-26 20:10:58,192.168.1.55 - active (Response Time: 0:00:01.481545)
2023-11-26 20:10:58,192.168.1.56 - active (Response Time: 0:00:01.481545)
2023-11-26 20:10:58,192.168.1.57 - active (Response Time: 0:00:01.480547)
2023-11-26 20:10:58,192.168.1.58 - active (Response Time: 0:00:01.514913)
2023-11-26 20:10:58,192.168.1.59 - active (Response Time: 0:00:01.511917)
2023-11-26 20:10:58,192.168.1.60 - active (Response Time: 0:00:01.515914)
2023-11-26 20:10:58,192.168.1.61 - active (Response Time: 0:00:01.512915)
2023-11-26 20:10:58,192.168.1.62 - active (Response Time: 0:00:01.511917)
2023-11-26 20:10:58,192.168.1.63 - active (Response Time: 0:00:01.510917)
2023-11-26 20:10:58,192.168.1.64 - active (Response Time: 0:00:00.018989)
2023-11-26 20:10:58,192.168.1.65 - active (Response Time: 0:00:01.509917)
2023-11-26 20:10:58,192.168.1.66 - active (Response Time: 0:00:01.510917)
2023-11-26 20:10:58,192.168.1.67 - active (Response Time: 0:00:01.510916)
2023-11-26 20:10:58,192.168.1.68 - active (Response Time: 0:00:01.508918)
2023-11-26 20:10:58,192.168.1.69 - active (Response Time: 0:00:01.513915)
2023-11-26 20:10:58,192.168.1.70 - active (Response Time: 0:00:00.320837)
2023-11-26 20:10:58,192.168.1.71 - active (Response Time: 0:00:01.505919)
2023-11-26 20:10:58,192.168.1.72 - active (Response Time: 0:00:01.511915)
2023-11-26 20:10:58,192.168.1.73 - active (Response Time: 0:00:01.508918)
2023-11-26 20:10:58,192.168.1.74 - active (Response Time: 0:00:01.507918)
2023-11-26 20:10:58,192.168.1.75 - active (Response Time: 0:00:01.507918)
2023-11-26 20:10:58,192.168.1.76 - active (Response Time: 0:00:01.505919)
2023-11-26 20:10:58,192.168.1.77 - active (Response Time: 0:00:01.507919)
2023-11-26 20:10:58,192.168.1.78 - active (Response Time: 0:00:01.506919)
2023-11-26 20:10:58,192.168.1.79 - active (Response Time: 0:00:01.503921)
2023-11-26 20:10:58,192.168.1.80 - active (Response Time: 0:00:01.504920)
2023-11-26 20:10:58,192.168.1.81 - active (Response Time: 0:00:01.503921)
2023-11-26 20:10:58,192.168.1.82 - active (Response Time: 0:00:01.502922)
2023-11-26 20:10:58,192.168.1.83 - active (Response Time: 0:00:01.506918)
2023-11-26 20:10:58,192.168.1.84 - active (Response Time: 0:00:01.501922)
2023-11-26 20:10:58,192.168.1.85 - active (Response Time: 0:00:01.499923)
2023-11-26 20:10:58,192.168.1.86 - active (Response Time: 0:00:01.487930)
2023-11-26 20:10:58,192.168.1.87 - active (Response Time: 0:00:01.183084)
2023-11-26 20:10:58,192.168.1.88 - active (Response Time: 0:00:01.508762)
2023-11-26 20:10:58,192.168.1.89 - active (Response Time: 0:00:01.506762)
2023-11-26 20:10:58,192.168.1.90 - active (Response Time: 0:00:01.508761)
2023-11-26 20:10:58,192.168.1.91 - active (Response Time: 0:00:01.505765)
2023-11-26 20:10:58,192.168.1.92 - active (Response Time: 0:00:01.507763)
2023-11-26 20:10:58,192.168.1.93 - active (Response Time: 0:00:01.505763)
2023-11-26 20:10:58,192.168.1.94 - active (Response Time: 0:00:01.505763)
2023-11-26 20:10:58,192.168.1.95 - active (Response Time: 0:00:01.503765)
2023-11-26 20:10:58,192.168.1.96 - active (Response Time: 0:00:01.504764)
2023-11-26 20:10:58,192.168.1.97 - active (Response Time: 0:00:01.503767)
2023-11-26 20:10:58,192.168.1.98 - active (Response Time: 0:00:01.501766)
2023-11-26 20:10:58,192.168.1.99 - active (Response Time: 0:00:01.501766)
2023-11-26 20:10:58,192.168.1.100 - active (Response Time: 0:00:01.507763)
2023-11-26 20:10:58,192.168.1.101 - active (Response Time: 0:00:01.503764)
2023-11-26 20:10:58,192.168.1.102 - active (Response Time: 0:00:01.501766)
2023-11-26 20:10:58,192.168.1.103 - active (Response Time: 0:00:01.500766)
2023-11-26 20:10:58,192.168.1.104 - active (Response Time: 0:00:01.500766)
2023-11-26 20:10:58,192.168.1.105 - active (Response Time: 0:00:01.506763)
2023-11-26 20:10:58,192.168.1.106 - active (Response Time: 0:00:01.500766)
2023-11-26 20:10:58,192.168.1.107 - active (Response Time: 0:00:01.502764)
2023-11-26 20:10:58,192.168.1.108 - active (Response Time: 0:00:01.502764)
2023-11-26 20:10:58,192.168.1.109 - active (Response Time: 0:00:01.498768)
2023-11-26 20:10:58,192.168.1.110 - active (Response Time: 0:00:01.497768)
2023-11-26 20:10:58,192.168.1.111 - active (Response Time: 0:00:01.498768)
2023-11-26 20:10:58,192.168.1.112 - active (Response Time: 0:00:01.496768)
2023-11-26 20:10:58,192.168.1.113 - active (Response Time: 0:00:01.495769)
2023-11-26 20:10:58,192.168.1.114 - active (Response Time: 0:00:01.494769)
2023-11-26 20:10:58,192.168.1.115 - active (Response Time: 0:00:01.494769)
2023-11-26 20:10:58,192.168.1.116 - active (Response Time: 0:00:01.507743)
2023-11-26 20:10:58,192.168.1.117 - active (Response Time: 0:00:01.508744)
2023-11-26 20:10:58,192.168.1.118 - active (Response Time: 0:00:01.506744)
2023-11-26 20:10:58,192.168.1.119 - active (Response Time: 0:00:01.509742)
2023-11-26 20:10:58,192.168.1.120 - active (Response Time: 0:00:01.505744)
2023-11-26 20:10:58,192.168.1.121 - active (Response Time: 0:00:01.506743)
2023-11-26 20:10:58,192.168.1.122 - active (Response Time: 0:00:01.508742)
2023-11-26 20:10:58,192.168.1.123 - active (Response Time: 0:00:01.508741)
2023-11-26 20:10:58,192.168.1.124 - active (Response Time: 0:00:01.505743)
2023-11-26 20:10:58,192.168.1.125 - active (Response Time: 0:00:00.013992)
2023-11-26 20:10:58,192.168.1.126 - active (Response Time: 0:00:00.012992)
2023-11-26 20:10:58,192.168.1.127 - active (Response Time: 0:00:01.506744)
2023-11-26 20:10:58,192.168.1.128 - active (Response Time: 0:00:01.505743)
2023-11-26 20:10:58,192.168.1.129 - active (Response Time: 0:00:01.504744)
2023-11-26 20:10:58,192.168.1.130 - active (Response Time: 0:00:01.501744)
2023-11-26 20:10:58,192.168.1.131 - active (Response Time: 0:00:01.502743)
2023-11-26 20:10:58,192.168.1.132 - active (Response Time: 0:00:01.503745)
2023-11-26 20:10:58,192.168.1.133 - active (Response Time: 0:00:01.501746)
2023-11-26 20:10:58,192.168.1.134 - active (Response Time: 0:00:01.503745)
2023-11-26 20:10:58,192.168.1.135 - active (Response Time: 0:00:01.500747)
2023-11-26 20:10:58,192.168.1.136 - active (Response Time: 0:00:01.499747)
2023-11-26 20:10:58,192.168.1.137 - active (Response Time: 0:00:01.501746)
2023-11-26 20:10:58,192.168.1.138 - active (Response Time: 0:00:01.500745)
2023-11-26 20:10:58,192.168.1.139 - active (Response Time: 0:00:01.502744)
2023-11-26 20:10:58,192.168.1.140 - active (Response Time: 0:00:01.500745)
2023-11-26 20:10:58,192.168.1.141 - active (Response Time: 0:00:01.498748)
2023-11-26 20:10:58,192.168.1.142 - active (Response Time: 0:00:01.495748)
2023-11-26 20:10:58,192.168.1.143 - active (Response Time: 0:00:01.495748)
2023-11-26 20:10:58,192.168.1.144 - active (Response Time: 0:00:01.487754)
2023-11-26 20:10:58,192.168.1.145 - active (Response Time: 0:00:01.487753)
2023-11-26 20:10:58,192.168.1.146 - active (Response Time: 0:00:01.511503)
2023-11-26 20:10:58,192.168.1.147 - active (Response Time: 0:00:01.505507)
2023-11-26 20:10:58,192.168.1.148 - active (Response Time: 0:00:01.506507)
2023-11-26 20:10:58,192.168.1.149 - active (Response Time: 0:00:01.506507)
2023-11-26 20:10:58,192.168.1.150 - active (Response Time: 0:00:01.504508)
2023-11-26 20:10:58,192.168.1.151 - active (Response Time: 0:00:01.504507)
2023-11-26 20:10:58,192.168.1.152 - active (Response Time: 0:00:01.498510)
2023-11-26 20:10:58,192.168.1.153 - active (Response Time: 0:00:01.503508)
2023-11-26 20:10:58,192.168.1.154 - active (Response Time: 0:00:01.506506)
2023-11-26 20:10:58,192.168.1.155 - active (Response Time: 0:00:01.500512)
2023-11-26 20:10:58,192.168.1.156 - active (Response Time: 0:00:01.504508)
2023-11-26 20:10:58,192.168.1.157 - active (Response Time: 0:00:01.498511)
2023-11-26 20:10:58,192.168.1.158 - active (Response Time: 0:00:01.501509)
2023-11-26 20:10:58,192.168.1.159 - active (Response Time: 0:00:01.497511)
2023-11-26 20:10:58,192.168.1.160 - active (Response Time: 0:00:01.502508)
2023-11-26 20:10:58,192.168.1.161 - active (Response Time: 0:00:01.499512)
2023-11-26 20:10:58,192.168.1.162 - active (Response Time: 0:00:01.499510)
2023-11-26 20:10:58,192.168.1.163 - active (Response Time: 0:00:01.498513)
2023-11-26 20:10:58,192.168.1.164 - active (Response Time: 0:00:01.497511)
2023-11-26 20:10:58,192.168.1.165 - active (Response Time: 0:00:01.497511)
2023-11-26 20:10:58,192.168.1.166 - active (Response Time: 0:00:01.494513)
2023-11-26 20:10:58,192.168.1.167 - active (Response Time: 0:00:01.495512)
2023-11-26 20:10:58,192.168.1.168 - active (Response Time: 0:00:01.496510)
2023-11-26 20:10:58,192.168.1.169 - active (Response Time: 0:00:01.497512)
2023-11-26 20:10:58,192.168.1.170 - active (Response Time: 0:00:01.496510)
2023-11-26 20:10:58,192.168.1.171 - active (Response Time: 0:00:01.493513)
2023-11-26 20:10:58,192.168.1.172 - active (Response Time: 0:00:01.493513)
2023-11-26 20:10:58,192.168.1.173 - active (Response Time: 0:00:01.492514)
2023-11-26 20:10:58,192.168.1.174 - active (Response Time: 0:00:01.502786)
2023-11-26 20:10:58,192.168.1.175 - active (Response Time: 0:00:01.503787)
2023-11-26 20:10:58,192.168.1.176 - active (Response Time: 0:00:01.501787)
2023-11-26 20:10:58,192.168.1.177 - active (Response Time: 0:00:01.500787)
2023-11-26 20:10:58,192.168.1.178 - active (Response Time: 0:00:01.500787)
2023-11-26 20:10:58,192.168.1.179 - active (Response Time: 0:00:01.500787)
2023-11-26 20:10:58,192.168.1.180 - active (Response Time: 0:00:01.499787)
2023-11-26 20:10:58,192.168.1.181 - active (Response Time: 0:00:01.500787)
2023-11-26 20:10:58,192.168.1.182 - active (Response Time: 0:00:01.497789)
2023-11-26 20:10:58,192.168.1.183 - active (Response Time: 0:00:01.497789)
2023-11-26 20:10:58,192.168.1.184 - active (Response Time: 0:00:01.499788)
2023-11-26 20:10:58,192.168.1.185 - active (Response Time: 0:00:01.498788)
2023-11-26 20:10:58,192.168.1.186 - active (Response Time: 0:00:01.496787)
2023-11-26 20:10:58,192.168.1.187 - active (Response Time: 0:00:01.496787)
2023-11-26 20:10:58,192.168.1.188 - active (Response Time: 0:00:01.495788)
2023-11-26 20:10:58,192.168.1.189 - active (Response Time: 0:00:01.497786)
2023-11-26 20:10:58,192.168.1.190 - active (Response Time: 0:00:01.494791)
2023-11-26 20:10:58,192.168.1.191 - active (Response Time: 0:00:01.494791)
2023-11-26 20:10:58,192.168.1.192 - active (Response Time: 0:00:01.494790)
2023-11-26 20:10:58,192.168.1.193 - active (Response Time: 0:00:01.494790)
2023-11-26 20:10:58,192.168.1.194 - active (Response Time: 0:00:01.491792)
2023-11-26 20:10:58,192.168.1.195 - active (Response Time: 0:00:01.490793)
2023-11-26 20:10:58,192.168.1.196 - active (Response Time: 0:00:01.492792)
2023-11-26 20:10:58,192.168.1.197 - active (Response Time: 0:00:01.489793)
2023-11-26 20:10:58,192.168.1.198 - active (Response Time: 0:00:01.489793)
2023-11-26 20:10:58,192.168.1.199 - active (Response Time: 0:00:01.490792)
2023-11-26 20:10:58,192.168.1.200 - active (Response Time: 0:00:01.487795)
2023-11-26 20:10:58,192.168.1.201 - active (Response Time: 0:00:01.485796)
2023-11-26 20:10:58,192.168.1.202 - active (Response Time: 0:00:01.502899)
2023-11-26 20:10:58,192.168.1.203 - active (Response Time: 0:00:01.502899)
2023-11-26 20:10:58,192.168.1.204 - active (Response Time: 0:00:01.501900)
2023-11-26 20:10:58,192.168.1.205 - active (Response Time: 0:00:01.503898)
2023-11-26 20:10:58,192.168.1.206 - active (Response Time: 0:00:01.504898)
2023-11-26 20:10:58,192.168.1.207 - active (Response Time: 0:00:01.502899)
2023-11-26 20:10:58,192.168.1.208 - active (Response Time: 0:00:01.501900)
2023-11-26 20:10:58,192.168.1.209 - active (Response Time: 0:00:01.505897)
2023-11-26 20:10:58,192.168.1.210 - active (Response Time: 0:00:01.501899)
2023-11-26 20:10:58,192.168.1.211 - active (Response Time: 0:00:01.499901)
2023-11-26 20:10:58,192.168.1.212 - active (Response Time: 0:00:01.498901)
2023-11-26 20:10:58,192.168.1.213 - active (Response Time: 0:00:01.499901)
2023-11-26 20:10:58,192.168.1.214 - active (Response Time: 0:00:01.497902)
2023-11-26 20:10:58,192.168.1.215 - active (Response Time: 0:00:01.502901)
2023-11-26 20:10:58,192.168.1.216 - active (Response Time: 0:00:01.497902)
2023-11-26 20:10:58,192.168.1.217 - active (Response Time: 0:00:01.495903)
2023-11-26 20:10:58,192.168.1.218 - active (Response Time: 0:00:01.500900)
2023-11-26 20:10:58,192.168.1.219 - active (Response Time: 0:00:01.498902)
2023-11-26 20:10:58,192.168.1.220 - active (Response Time: 0:00:01.495904)
2023-11-26 20:10:58,192.168.1.221 - active (Response Time: 0:00:01.495904)
2023-11-26 20:10:58,192.168.1.222 - active (Response Time: 0:00:01.497903)
2023-11-26 20:10:58,192.168.1.223 - active (Response Time: 0:00:01.494904)
2023-11-26 20:10:58,192.168.1.224 - active (Response Time: 0:00:01.495904)
2023-11-26 20:10:58,192.168.1.225 - active (Response Time: 0:00:01.493904)
2023-11-26 20:10:58,192.168.1.226 - active (Response Time: 0:00:01.493904)
2023-11-26 20:10:58,192.168.1.227 - active (Response Time: 0:00:01.494904)
2023-11-26 20:10:58,192.168.1.228 - active (Response Time: 0:00:01.495903)
2023-11-26 20:10:58,192.168.1.229 - active (Response Time: 0:00:01.492904)
2023-11-26 20:10:58,192.168.1.230 - active (Response Time: 0:00:01.504092)
2023-11-26 20:10:58,192.168.1.231 - active (Response Time: 0:00:01.504092)
2023-11-26 20:10:58,192.168.1.232 - active (Response Time: 0:00:01.501094)
2023-11-26 20:10:58,192.168.1.233 - active (Response Time: 0:00:01.503093)
2023-11-26 20:10:58,192.168.1.234 - active (Response Time: 0:00:01.502093)
2023-11-26 20:10:58,192.168.1.235 - active (Response Time: 0:00:01.502093)
2023-11-26 20:10:58,192.168.1.236 - active (Response Time: 0:00:01.502093)
2023-11-26 20:10:58,192.168.1.237 - active (Response Time: 0:00:01.502093)
2023-11-26 20:10:58,192.168.1.238 - active (Response Time: 0:00:01.502093)
2023-11-26 20:10:58,192.168.1.239 - active (Response Time: 0:00:01.501094)
2023-11-26 20:10:58,192.168.1.240 - active (Response Time: 0:00:01.500094)
2023-11-26 20:10:58,192.168.1.241 - active (Response Time: 0:00:01.499095)
2023-11-26 20:10:58,192.168.1.242 - active (Response Time: 0:00:01.500094)
2023-11-26 20:10:58,192.168.1.243 - active (Response Time: 0:00:01.499094)
2023-11-26 20:10:58,192.168.1.244 - active (Response Time: 0:00:01.500094)
2023-11-26 20:10:58,192.168.1.245 - active (Response Time: 0:00:01.499094)
2023-11-26 20:10:58,192.168.1.246 - active (Response Time: 0:00:01.499095)
2023-11-26 20:10:58,192.168.1.247 - active (Response Time: 0:00:01.497096)
2023-11-26 20:10:58,192.168.1.248 - active (Response Time: 0:00:01.497096)
2023-11-26 20:10:58,192.168.1.249 - active (Response Time: 0:00:01.498095)
2023-11-26 20:10:58,192.168.1.250 - active (Response Time: 0:00:01.498095)
2023-11-26 20:10:58,192.168.1.251 - active (Response Time: 0:00:01.496097)
2023-11-26 20:10:58,192.168.1.252 - active (Response Time: 0:00:01.498096)
2023-11-26 20:10:58,192.168.1.253 - active (Response Time: 0:00:01.495098)
2023-11-26 20:10:58,192.168.1.254 - active (Response Time: 0:00:01.496097)
2023-11-26 20:10:58,192.168.1.255 - timeout
